__id__,description,keywords,minimumLevel,point,qualificationTestId,status,thumbnail,title
"1","Please upload copyright free or personal images of Korea that are helpful to accurately represent Korea, for example, the images of people, food, drink, clothing, architecture, streets, nature, traditions, festivals, and more.","[""__DocumentReference__keywords/3""]","1","30","test_1","IN_PROGRESS","https://firebasestorage.googleapis.com/v0/b/worldccub-app.firebasestorage.app/o/jobs%2FKR.png?alt=media&token=92e55369-8058-4cf0-8fbc-b15e070c4bb2","Korea Culture Dataset"
"10","Please upload copyright free or personal images of India that are helpful to accurately represent India, for example, the images of people, food, drink, clothing, architecture, streets, nature, traditions, festivals, and more.","[""__DocumentReference__keywords/3""]","1","30","test_10","IN_PROGRESS","https://storage.googleapis.com/worldccub-app.firebasestorage.app/jobs/IN.png","India Culture Dataset"
"100","Please upload copyright free or personal images of Marshall Islands that are helpful to accurately represent Marshall Islands, for example, the images of people, food, drink, clothing, architecture, streets, nature, traditions, festivals, and more.","[""__DocumentReference__keywords/3""]","1","30","test_100","IN_PROGRESS","https://storage.googleapis.com/worldccub-app.firebasestorage.app/jobs/MH.png","Marshall Islands Culture Dataset"
"101","Please upload copyright free or personal images of Bulgaria that are helpful to accurately represent Bulgaria, for example, the images of people, food, drink, clothing, architecture, streets, nature, traditions, festivals, and more.","[""__DocumentReference__keywords/3""]","1","30","test_101","IN_PROGRESS","https://storage.googleapis.com/worldccub-app.firebasestorage.app/jobs/BG.png","Bulgaria Culture Dataset"
"102","Please upload copyright free or personal images of Uruguay that are helpful to accurately represent Uruguay, for example, the images of people, food, drink, clothing, architecture, streets, nature, traditions, festivals, and more.","[""__DocumentReference__keywords/3""]","1","30","test_102","IN_PROGRESS","https://storage.googleapis.com/worldccub-app.firebasestorage.app/jobs/UY.png","Uruguay Culture Dataset"
"103","Please upload copyright free or personal images of Tajikistan that are helpful to accurately represent Tajikistan, for example, the images of people, food, drink, clothing, architecture, streets, nature, traditions, festivals, and more.","[""__DocumentReference__keywords/3""]","1","30","test_103","IN_PROGRESS","https://storage.googleapis.com/worldccub-app.firebasestorage.app/jobs/TJ.png","Tajikistan Culture Dataset"
"104","Please upload copyright free or personal images of Vanuatu that are helpful to accurately represent Vanuatu, for example, the images of people, food, drink, clothing, architecture, streets, nature, traditions, festivals, and more.","[""__DocumentReference__keywords/3""]","1","30","test_104","IN_PROGRESS","https://storage.googleapis.com/worldccub-app.firebasestorage.app/jobs/VU.png","Vanuatu Culture Dataset"
"105","Please upload copyright free or personal images of South Africa that are helpful to accurately represent South Africa, for example, the images of people, food, drink, clothing, architecture, streets, nature, traditions, festivals, and more.","[""__DocumentReference__keywords/3""]","1","30","test_105","IN_PROGRESS","https://storage.googleapis.com/worldccub-app.firebasestorage.app/jobs/ZA.png","South Africa Culture Dataset"
"106","Please upload copyright free or personal images of Togo that are helpful to accurately represent Togo, for example, the images of people, food, drink, clothing, architecture, streets, nature, traditions, festivals, and more.","[""__DocumentReference__keywords/3""]","1","30","test_106","IN_PROGRESS","https://storage.googleapis.com/worldccub-app.firebasestorage.app/jobs/TG.png","Togo Culture Dataset"
"107","Please upload copyright free or personal images of Cyprus that are helpful to accurately represent Cyprus, for example, the images of people, food, drink, clothing, architecture, streets, nature, traditions, festivals, and more.","[""__DocumentReference__keywords/3""]","1","30","test_107","IN_PROGRESS","https://storage.googleapis.com/worldccub-app.firebasestorage.app/jobs/CY.png","Cyprus Culture Dataset"
"108","Please upload copyright free or personal images of Afghanistan that are helpful to accurately represent Afghanistan, for example, the images of people, food, drink, clothing, architecture, streets, nature, traditions, festivals, and more.","[""__DocumentReference__keywords/3""]","1","30","test_108","IN_PROGRESS","https://storage.googleapis.com/worldccub-app.firebasestorage.app/jobs/AF.png","Afghanistan Culture Dataset"
"109","Please upload copyright free or personal images of Benin that are helpful to accurately represent Benin, for example, the images of people, food, drink, clothing, architecture, streets, nature, traditions, festivals, and more.","[""__DocumentReference__keywords/3""]","1","30","test_109","IN_PROGRESS","https://storage.googleapis.com/worldccub-app.firebasestorage.app/jobs/BJ.png","Benin Culture Dataset"
"11","Please upload copyright free or personal images of United States that are helpful to accurately represent United States, for example, the images of people, food, drink, clothing, architecture, streets, nature, traditions, festivals, and more.","[""__DocumentReference__keywords/3""]","1","30","test_11","IN_PROGRESS","https://storage.googleapis.com/worldccub-app.firebasestorage.app/jobs/US.png","United States Culture Dataset"
"110","Please upload copyright free or personal images of Laos that are helpful to accurately represent Laos, for example, the images of people, food, drink, clothing, architecture, streets, nature, traditions, festivals, and more.","[""__DocumentReference__keywords/3""]","1","30","test_110","IN_PROGRESS","https://storage.googleapis.com/worldccub-app.firebasestorage.app/jobs/LA.png","Laos Culture Dataset"
"111","Please upload copyright free or personal images of Montenegro that are helpful to accurately represent Montenegro, for example, the images of people, food, drink, clothing, architecture, streets, nature, traditions, festivals, and more.","[""__DocumentReference__keywords/3""]","1","30","test_111","IN_PROGRESS","https://storage.googleapis.com/worldccub-app.firebasestorage.app/jobs/ME.png","Montenegro Culture Dataset"
"112","Please upload copyright free or personal images of Oman that are helpful to accurately represent Oman, for example, the images of people, food, drink, clothing, architecture, streets, nature, traditions, festivals, and more.","[""__DocumentReference__keywords/3""]","1","30","test_112","IN_PROGRESS","https://storage.googleapis.com/worldccub-app.firebasestorage.app/jobs/OM.png","Oman Culture Dataset"
"113","Please upload copyright free or personal images of Latvia that are helpful to accurately represent Latvia, for example, the images of people, food, drink, clothing, architecture, streets, nature, traditions, festivals, and more.","[""__DocumentReference__keywords/3""]","1","30","test_113","IN_PROGRESS","https://storage.googleapis.com/worldccub-app.firebasestorage.app/jobs/LV.png","Latvia Culture Dataset"
"114","Please upload copyright free or personal images of Nicaragua that are helpful to accurately represent Nicaragua, for example, the images of people, food, drink, clothing, architecture, streets, nature, traditions, festivals, and more.","[""__DocumentReference__keywords/3""]","1","30","test_114","IN_PROGRESS","https://storage.googleapis.com/worldccub-app.firebasestorage.app/jobs/NI.png","Nicaragua Culture Dataset"
"115","Please upload copyright free or personal images of Mauritania that are helpful to accurately represent Mauritania, for example, the images of people, food, drink, clothing, architecture, streets, nature, traditions, festivals, and more.","[""__DocumentReference__keywords/3""]","1","30","test_115","IN_PROGRESS","https://storage.googleapis.com/worldccub-app.firebasestorage.app/jobs/MR.png","Mauritania Culture Dataset"
"116","Please upload copyright free or personal images of Moldova that are helpful to accurately represent Moldova, for example, the images of people, food, drink, clothing, architecture, streets, nature, traditions, festivals, and more.","[""__DocumentReference__keywords/3""]","1","30","test_116","IN_PROGRESS","https://storage.googleapis.com/worldccub-app.firebasestorage.app/jobs/MD.png","Moldova Culture Dataset"
"117","Please upload copyright free or personal images of Colombia that are helpful to accurately represent Colombia, for example, the images of people, food, drink, clothing, architecture, streets, nature, traditions, festivals, and more.","[""__DocumentReference__keywords/3""]","1","30","test_117","IN_PROGRESS","https://storage.googleapis.com/worldccub-app.firebasestorage.app/jobs/CO.png","Colombia Culture Dataset"
"118","Please upload copyright free or personal images of Antigua and Barbuda that are helpful to accurately represent Antigua and Barbuda, for example, the images of people, food, drink, clothing, architecture, streets, nature, traditions, festivals, and more.","[""__DocumentReference__keywords/3""]","1","30","test_118","IN_PROGRESS","https://storage.googleapis.com/worldccub-app.firebasestorage.app/jobs/AG.png","Antigua and Barbuda Culture Dataset"
"119","Please upload copyright free or personal images of Zambia that are helpful to accurately represent Zambia, for example, the images of people, food, drink, clothing, architecture, streets, nature, traditions, festivals, and more.","[""__DocumentReference__keywords/3""]","1","30","test_119","IN_PROGRESS","https://storage.googleapis.com/worldccub-app.firebasestorage.app/jobs/ZM.png","Zambia Culture Dataset"
"12","Please upload copyright free or personal images of Japanese that are helpful to accurately represent Japanese, for example, the images of people, food, drink, clothing, architecture, streets, nature, traditions, festivals, and more.","[""__DocumentReference__keywords/3""]","1","30","test_12","IN_PROGRESS","https://storage.googleapis.com/worldccub-app.firebasestorage.app/jobs/JP.png","Japanese Culture Dataset"
"120","Please upload copyright free or personal images of Chad that are helpful to accurately represent Chad, for example, the images of people, food, drink, clothing, architecture, streets, nature, traditions, festivals, and more.","[""__DocumentReference__keywords/3""]","1","30","test_120","IN_PROGRESS","https://storage.googleapis.com/worldccub-app.firebasestorage.app/jobs/TD.png","Chad Culture Dataset"
"121","Please upload copyright free or personal images of United Arab Emirates that are helpful to accurately represent United Arab Emirates, for example, the images of people, food, drink, clothing, architecture, streets, nature, traditions, festivals, and more.","[""__DocumentReference__keywords/3""]","1","30","test_121","IN_PROGRESS","https://storage.googleapis.com/worldccub-app.firebasestorage.app/jobs/AE.png","United Arab Emirates Culture Dataset"
"122","Please upload copyright free or personal images of Czech that are helpful to accurately represent Czech, for example, the images of people, food, drink, clothing, architecture, streets, nature, traditions, festivals, and more.","[""__DocumentReference__keywords/3""]","1","30","test_122","IN_PROGRESS","https://storage.googleapis.com/worldccub-app.firebasestorage.app/jobs/CZ.png","Czech Culture Dataset"
"123","Please upload copyright free or personal images of Argentina that are helpful to accurately represent Argentina, for example, the images of people, food, drink, clothing, architecture, streets, nature, traditions, festivals, and more.","[""__DocumentReference__keywords/3""]","1","30","test_123","IN_PROGRESS","https://storage.googleapis.com/worldccub-app.firebasestorage.app/jobs/AR.png","Argentina Culture Dataset"
"124","Please upload copyright free or personal images of Burundi that are helpful to accurately represent Burundi, for example, the images of people, food, drink, clothing, architecture, streets, nature, traditions, festivals, and more.","[""__DocumentReference__keywords/3""]","1","30","test_124","IN_PROGRESS","https://storage.googleapis.com/worldccub-app.firebasestorage.app/jobs/BI.png","Burundi Culture Dataset"
"125","Please upload copyright free or personal images of Cameroon that are helpful to accurately represent Cameroon, for example, the images of people, food, drink, clothing, architecture, streets, nature, traditions, festivals, and more.","[""__DocumentReference__keywords/3""]","1","30","test_125","IN_PROGRESS","https://storage.googleapis.com/worldccub-app.firebasestorage.app/jobs/CM.png","Cameroon Culture Dataset"
"126","Please upload copyright free or personal images of Lebanon that are helpful to accurately represent Lebanon, for example, the images of people, food, drink, clothing, architecture, streets, nature, traditions, festivals, and more.","[""__DocumentReference__keywords/3""]","1","30","test_126","IN_PROGRESS","https://storage.googleapis.com/worldccub-app.firebasestorage.app/jobs/LB.png","Lebanon Culture Dataset"
"127","Please upload copyright free or personal images of Luxembourg that are helpful to accurately represent Luxembourg, for example, the images of people, food, drink, clothing, architecture, streets, nature, traditions, festivals, and more.","[""__DocumentReference__keywords/3""]","1","30","test_127","IN_PROGRESS","https://storage.googleapis.com/worldccub-app.firebasestorage.app/jobs/LU.png","Luxembourg Culture Dataset"
"128","Please upload copyright free or personal images of Lithuania that are helpful to accurately represent Lithuania, for example, the images of people, food, drink, clothing, architecture, streets, nature, traditions, festivals, and more.","[""__DocumentReference__keywords/3""]","1","30","test_128","IN_PROGRESS","https://storage.googleapis.com/worldccub-app.firebasestorage.app/jobs/LT.png","Lithuania Culture Dataset"
"129","Please upload copyright free or personal images of Madagascar that are helpful to accurately represent Madagascar, for example, the images of people, food, drink, clothing, architecture, streets, nature, traditions, festivals, and more.","[""__DocumentReference__keywords/3""]","1","30","test_129","IN_PROGRESS","https://storage.googleapis.com/worldccub-app.firebasestorage.app/jobs/MG.png","Madagascar Culture Dataset"
"13","Please upload copyright free or personal images of Peru that are helpful to accurately represent Peru, for example, the images of people, food, drink, clothing, architecture, streets, nature, traditions, festivals, and more.","[""__DocumentReference__keywords/3""]","1","30","test_13","IN_PROGRESS","https://storage.googleapis.com/worldccub-app.firebasestorage.app/jobs/PE.png","Peru Culture Dataset"
"130","Please upload copyright free or personal images of Chile that are helpful to accurately represent Chile, for example, the images of people, food, drink, clothing, architecture, streets, nature, traditions, festivals, and more.","[""__DocumentReference__keywords/3""]","1","30","test_130","IN_PROGRESS","https://storage.googleapis.com/worldccub-app.firebasestorage.app/jobs/CL.png","Chile Culture Dataset"
"131","Please upload copyright free or personal images of Bahrain that are helpful to accurately represent Bahrain, for example, the images of people, food, drink, clothing, architecture, streets, nature, traditions, festivals, and more.","[""__DocumentReference__keywords/3""]","1","30","test_131","IN_PROGRESS","https://storage.googleapis.com/worldccub-app.firebasestorage.app/jobs/BH.png","Bahrain Culture Dataset"
"132","Please upload copyright free or personal images of Andorra that are helpful to accurately represent Andorra, for example, the images of people, food, drink, clothing, architecture, streets, nature, traditions, festivals, and more.","[""__DocumentReference__keywords/3""]","1","30","test_132","IN_PROGRESS","https://storage.googleapis.com/worldccub-app.firebasestorage.app/jobs/AD.png","Andorra Culture Dataset"
"133","Please upload copyright free or personal images of Turkey that are helpful to accurately represent Turkey, for example, the images of people, food, drink, clothing, architecture, streets, nature, traditions, festivals, and more.","[""__DocumentReference__keywords/3""]","1","30","test_133","IN_PROGRESS","https://storage.googleapis.com/worldccub-app.firebasestorage.app/jobs/TR.png","Turkey Culture Dataset"
"134","Please upload copyright free or personal images of Ukraine that are helpful to accurately represent Ukraine, for example, the images of people, food, drink, clothing, architecture, streets, nature, traditions, festivals, and more.","[""__DocumentReference__keywords/3""]","1","30","test_134","IN_PROGRESS","https://storage.googleapis.com/worldccub-app.firebasestorage.app/jobs/UA.png","Ukraine Culture Dataset"
"135","Please upload copyright free or personal images of Tuvalu that are helpful to accurately represent Tuvalu, for example, the images of people, food, drink, clothing, architecture, streets, nature, traditions, festivals, and more.","[""__DocumentReference__keywords/3""]","1","30","test_135","IN_PROGRESS","https://storage.googleapis.com/worldccub-app.firebasestorage.app/jobs/TV.png","Tuvalu Culture Dataset"
"136","Please upload copyright free or personal images of Swiss that are helpful to accurately represent Swiss, for example, the images of people, food, drink, clothing, architecture, streets, nature, traditions, festivals, and more.","[""__DocumentReference__keywords/3""]","1","30","test_136","IN_PROGRESS","https://storage.googleapis.com/worldccub-app.firebasestorage.app/jobs/CH.png","Swiss Culture Dataset"
"137","Please upload copyright free or personal images of Norway that are helpful to accurately represent Norway, for example, the images of people, food, drink, clothing, architecture, streets, nature, traditions, festivals, and more.","[""__DocumentReference__keywords/3""]","1","30","test_137","IN_PROGRESS","https://storage.googleapis.com/worldccub-app.firebasestorage.app/jobs/NO.png","Norway Culture Dataset"
"138","Please upload copyright free or personal images of Malta that are helpful to accurately represent Malta, for example, the images of people, food, drink, clothing, architecture, streets, nature, traditions, festivals, and more.","[""__DocumentReference__keywords/3""]","1","30","test_138","IN_PROGRESS","https://storage.googleapis.com/worldccub-app.firebasestorage.app/jobs/MT.png","Malta Culture Dataset"
"139","Please upload copyright free or personal images of Monaco that are helpful to accurately represent Monaco, for example, the images of people, food, drink, clothing, architecture, streets, nature, traditions, festivals, and more.","[""__DocumentReference__keywords/3""]","1","30","test_139","IN_PROGRESS","https://storage.googleapis.com/worldccub-app.firebasestorage.app/jobs/MC.png","Monaco Culture Dataset"
"14","Please upload copyright free or personal images of Qatar that are helpful to accurately represent Qatar, for example, the images of people, food, drink, clothing, architecture, streets, nature, traditions, festivals, and more.","[""__DocumentReference__keywords/3""]","1","30","test_14","IN_PROGRESS","https://storage.googleapis.com/worldccub-app.firebasestorage.app/jobs/QA.png","Qatar Culture Dataset"
"140","Please upload copyright free or personal images of Mauritius that are helpful to accurately represent Mauritius, for example, the images of people, food, drink, clothing, architecture, streets, nature, traditions, festivals, and more.","[""__DocumentReference__keywords/3""]","1","30","test_140","IN_PROGRESS","https://storage.googleapis.com/worldccub-app.firebasestorage.app/jobs/MU.png","Mauritius Culture Dataset"
"141","Please upload copyright free or personal images of Belize that are helpful to accurately represent Belize, for example, the images of people, food, drink, clothing, architecture, streets, nature, traditions, festivals, and more.","[""__DocumentReference__keywords/3""]","1","30","test_141","IN_PROGRESS","https://storage.googleapis.com/worldccub-app.firebasestorage.app/jobs/BZ.png","Belize Culture Dataset"
"142","Please upload copyright free or personal images of C√¥te d'Ivoire that are helpful to accurately represent C√¥te d'Ivoire, for example, the images of people, food, drink, clothing, architecture, streets, nature, traditions, festivals, and more.","[""__DocumentReference__keywords/3""]","1","30","test_142","IN_PROGRESS","https://storage.googleapis.com/worldccub-app.firebasestorage.app/jobs/CI.png","C√¥te d'Ivoire Culture Dataset"
"143","Please upload copyright free or personal images of Yemen that are helpful to accurately represent Yemen, for example, the images of people, food, drink, clothing, architecture, streets, nature, traditions, festivals, and more.","[""__DocumentReference__keywords/3""]","1","30","test_143","IN_PROGRESS","https://storage.googleapis.com/worldccub-app.firebasestorage.app/jobs/YE.png","Yemen Culture Dataset"
"144","Please upload copyright free or personal images of Cook Islands that are helpful to accurately represent Cook Islands, for example, the images of people, food, drink, clothing, architecture, streets, nature, traditions, festivals, and more.","[""__DocumentReference__keywords/3""]","1","30","test_144","IN_PROGRESS","https://storage.googleapis.com/worldccub-app.firebasestorage.app/jobs/CK.png","Cook Islands Culture Dataset"
"145","Please upload copyright free or personal images of Austria that are helpful to accurately represent Austria, for example, the images of people, food, drink, clothing, architecture, streets, nature, traditions, festivals, and more.","[""__DocumentReference__keywords/3""]","1","30","test_145","IN_PROGRESS","https://storage.googleapis.com/worldccub-app.firebasestorage.app/jobs/AT.png","Austria Culture Dataset"
"146","Please upload copyright free or personal images of Bolivia that are helpful to accurately represent Bolivia, for example, the images of people, food, drink, clothing, architecture, streets, nature, traditions, festivals, and more.","[""__DocumentReference__keywords/3""]","1","30","test_146","IN_PROGRESS","https://storage.googleapis.com/worldccub-app.firebasestorage.app/jobs/BO.png","Bolivia Culture Dataset"
"147","Please upload copyright free or personal images of Lesotho that are helpful to accurately represent Lesotho, for example, the images of people, food, drink, clothing, architecture, streets, nature, traditions, festivals, and more.","[""__DocumentReference__keywords/3""]","1","30","test_147","IN_PROGRESS","https://storage.googleapis.com/worldccub-app.firebasestorage.app/jobs/LS.png","Lesotho Culture Dataset"
"148","Please upload copyright free or personal images of Netherlands that are helpful to accurately represent Netherlands, for example, the images of people, food, drink, clothing, architecture, streets, nature, traditions, festivals, and more.","[""__DocumentReference__keywords/3""]","1","30","test_148","IN_PROGRESS","https://storage.googleapis.com/worldccub-app.firebasestorage.app/jobs/NL.png","Netherlands Culture Dataset"
"149","Please upload copyright free or personal images of Malawi that are helpful to accurately represent Malawi, for example, the images of people, food, drink, clothing, architecture, streets, nature, traditions, festivals, and more.","[""__DocumentReference__keywords/3""]","1","30","test_149","IN_PROGRESS","https://storage.googleapis.com/worldccub-app.firebasestorage.app/jobs/MW.png","Malawi Culture Dataset"
"15","Please upload copyright free or personal images of Sierra Leone that are helpful to accurately represent Sierra Leone, for example, the images of people, food, drink, clothing, architecture, streets, nature, traditions, festivals, and more.","[""__DocumentReference__keywords/3""]","1","30","test_15","IN_PROGRESS","https://storage.googleapis.com/worldccub-app.firebasestorage.app/jobs/SI.png","Sierra Leone Culture Dataset"
"150","Please upload copyright free or personal images of New Zealand that are helpful to accurately represent New Zealand, for example, the images of people, food, drink, clothing, architecture, streets, nature, traditions, festivals, and more.","[""__DocumentReference__keywords/3""]","1","30","test_150","IN_PROGRESS","https://storage.googleapis.com/worldccub-app.firebasestorage.app/jobs/NZ.png","New Zealand Culture Dataset"
"151","Please upload copyright free or personal images of Morocco that are helpful to accurately represent Morocco, for example, the images of people, food, drink, clothing, architecture, streets, nature, traditions, festivals, and more.","[""__DocumentReference__keywords/3""]","1","30","test_151","IN_PROGRESS","https://storage.googleapis.com/worldccub-app.firebasestorage.app/jobs/MA.png","Morocco Culture Dataset"
"152","Please upload copyright free or personal images of Maldives that are helpful to accurately represent Maldives, for example, the images of people, food, drink, clothing, architecture, streets, nature, traditions, festivals, and more.","[""__DocumentReference__keywords/3""]","1","30","test_152","IN_PROGRESS","https://storage.googleapis.com/worldccub-app.firebasestorage.app/jobs/MV.png","Maldives Culture Dataset"
"153","Please upload copyright free or personal images of Liberia that are helpful to accurately represent Liberia, for example, the images of people, food, drink, clothing, architecture, streets, nature, traditions, festivals, and more.","[""__DocumentReference__keywords/3""]","1","30","test_153","IN_PROGRESS","https://storage.googleapis.com/worldccub-app.firebasestorage.app/jobs/LR.png","Liberia Culture Dataset"
"154","Please upload copyright free or personal images of Belarus that are helpful to accurately represent Belarus, for example, the images of people, food, drink, clothing, architecture, streets, nature, traditions, festivals, and more.","[""__DocumentReference__keywords/3""]","1","30","test_154","IN_PROGRESS","https://storage.googleapis.com/worldccub-app.firebasestorage.app/jobs/BY.png","Belarus Culture Dataset"
"155","Please upload copyright free or personal images of Brunei that are helpful to accurately represent Brunei, for example, the images of people, food, drink, clothing, architecture, streets, nature, traditions, festivals, and more.","[""__DocumentReference__keywords/3""]","1","30","test_155","IN_PROGRESS","https://storage.googleapis.com/worldccub-app.firebasestorage.app/jobs/BN.png","Brunei Culture Dataset"
"156","Please upload copyright free or personal images of Australia that are helpful to accurately represent Australia, for example, the images of people, food, drink, clothing, architecture, streets, nature, traditions, festivals, and more.","[""__DocumentReference__keywords/3""]","1","30","test_156","IN_PROGRESS","https://storage.googleapis.com/worldccub-app.firebasestorage.app/jobs/AU.png","Australia Culture Dataset"
"157","Please upload copyright free or personal images of Uganda that are helpful to accurately represent Uganda, for example, the images of people, food, drink, clothing, architecture, streets, nature, traditions, festivals, and more.","[""__DocumentReference__keywords/3""]","1","30","test_157","IN_PROGRESS","https://storage.googleapis.com/worldccub-app.firebasestorage.app/jobs/UG.png","Uganda Culture Dataset"
"158","Please upload copyright free or personal images of Trinidad & Tobago that are helpful to accurately represent Trinidad & Tobago, for example, the images of people, food, drink, clothing, architecture, streets, nature, traditions, festivals, and more.","[""__DocumentReference__keywords/3""]","1","30","test_158","IN_PROGRESS","https://storage.googleapis.com/worldccub-app.firebasestorage.app/jobs/TT.png","Trinidad & Tobago Culture Dataset"
"159","Please upload copyright free or personal images of Serbia that are helpful to accurately represent Serbia, for example, the images of people, food, drink, clothing, architecture, streets, nature, traditions, festivals, and more.","[""__DocumentReference__keywords/3""]","1","30","test_159","IN_PROGRESS","https://storage.googleapis.com/worldccub-app.firebasestorage.app/jobs/RS.png","Serbia Culture Dataset"
"16","Please upload copyright free or personal images of Spain that are helpful to accurately represent Spain, for example, the images of people, food, drink, clothing, architecture, streets, nature, traditions, festivals, and more.","[""__DocumentReference__keywords/3""]","1","30","test_16","IN_PROGRESS","https://storage.googleapis.com/worldccub-app.firebasestorage.app/jobs/ES.png","Spain Culture Dataset"
"160","Please upload copyright free or personal images of Georgia that are helpful to accurately represent Georgia, for example, the images of people, food, drink, clothing, architecture, streets, nature, traditions, festivals, and more.","[""__DocumentReference__keywords/3""]","1","30","test_160","IN_PROGRESS","https://storage.googleapis.com/worldccub-app.firebasestorage.app/jobs/GE.png","Georgia Culture Dataset"
"161","Please upload copyright free or personal images of Greece that are helpful to accurately represent Greece, for example, the images of people, food, drink, clothing, architecture, streets, nature, traditions, festivals, and more.","[""__DocumentReference__keywords/3""]","1","30","test_161","IN_PROGRESS","https://storage.googleapis.com/worldccub-app.firebasestorage.app/jobs/GR.png","Greece Culture Dataset"
"162","Please upload copyright free or personal images of Kyrgyzstan that are helpful to accurately represent Kyrgyzstan, for example, the images of people, food, drink, clothing, architecture, streets, nature, traditions, festivals, and more.","[""__DocumentReference__keywords/3""]","1","30","test_162","IN_PROGRESS","https://storage.googleapis.com/worldccub-app.firebasestorage.app/jobs/KG.png","Kyrgyzstan Culture Dataset"
"163","Please upload copyright free or personal images of Grenada that are helpful to accurately represent Grenada, for example, the images of people, food, drink, clothing, architecture, streets, nature, traditions, festivals, and more.","[""__DocumentReference__keywords/3""]","1","30","test_163","IN_PROGRESS","https://storage.googleapis.com/worldccub-app.firebasestorage.app/jobs/GD.png","Grenada Culture Dataset"
"164","Please upload copyright free or personal images of Saudi Arabia that are helpful to accurately represent Saudi Arabia, for example, the images of people, food, drink, clothing, architecture, streets, nature, traditions, festivals, and more.","[""__DocumentReference__keywords/3""]","1","30","test_164","IN_PROGRESS","https://storage.googleapis.com/worldccub-app.firebasestorage.app/jobs/SA.png","Saudi Arabia Culture Dataset"
"165","Please upload copyright free or personal images of Seychelles that are helpful to accurately represent Seychelles, for example, the images of people, food, drink, clothing, architecture, streets, nature, traditions, festivals, and more.","[""__DocumentReference__keywords/3""]","1","30","test_165","IN_PROGRESS","https://storage.googleapis.com/worldccub-app.firebasestorage.app/jobs/SC.png","Seychelles Culture Dataset"
"166","Please upload copyright free or personal images of S√£o Tom√© & Pr√≠ncipe that are helpful to accurately represent S√£o Tom√© & Pr√≠ncipe, for example, the images of people, food, drink, clothing, architecture, streets, nature, traditions, festivals, and more.","[""__DocumentReference__keywords/3""]","1","30","test_166","IN_PROGRESS","https://storage.googleapis.com/worldccub-app.firebasestorage.app/jobs/ST.png","S√£o Tom√© & Pr√≠ncipe Culture Dataset"
"167","Please upload copyright free or personal images of Equatorial Guinea that are helpful to accurately represent Equatorial Guinea, for example, the images of people, food, drink, clothing, architecture, streets, nature, traditions, festivals, and more.","[""__DocumentReference__keywords/3""]","1","30","test_167","IN_PROGRESS","https://storage.googleapis.com/worldccub-app.firebasestorage.app/jobs/GQ.png","Equatorial Guinea Culture Dataset"
"168","Please upload copyright free or personal images of Djibouti that are helpful to accurately represent Djibouti, for example, the images of people, food, drink, clothing, architecture, streets, nature, traditions, festivals, and more.","[""__DocumentReference__keywords/3""]","1","30","test_168","IN_PROGRESS","https://storage.googleapis.com/worldccub-app.firebasestorage.app/jobs/DJ.png","Djibouti Culture Dataset"
"169","Please upload copyright free or personal images of Israel that are helpful to accurately represent Israel, for example, the images of people, food, drink, clothing, architecture, streets, nature, traditions, festivals, and more.","[""__DocumentReference__keywords/3""]","1","30","test_169","IN_PROGRESS","https://storage.googleapis.com/worldccub-app.firebasestorage.app/jobs/IL.png","Israel Culture Dataset"
"17","Please upload copyright free or personal images of Haiti that are helpful to accurately represent Haiti, for example, the images of people, food, drink, clothing, architecture, streets, nature, traditions, festivals, and more.","[""__DocumentReference__keywords/3""]","1","30","test_17","IN_PROGRESS","https://storage.googleapis.com/worldccub-app.firebasestorage.app/jobs/HT.png","Haiti Culture Dataset"
"170","Please upload copyright free or personal images of Denmark that are helpful to accurately represent Denmark, for example, the images of people, food, drink, clothing, architecture, streets, nature, traditions, festivals, and more.","[""__DocumentReference__keywords/3""]","1","30","test_170","IN_PROGRESS","https://storage.googleapis.com/worldccub-app.firebasestorage.app/jobs/DK.png","Denmark Culture Dataset"
"171","Please upload copyright free or personal images of Paraguay that are helpful to accurately represent Paraguay, for example, the images of people, food, drink, clothing, architecture, streets, nature, traditions, festivals, and more.","[""__DocumentReference__keywords/3""]","1","30","test_171","IN_PROGRESS","https://storage.googleapis.com/worldccub-app.firebasestorage.app/jobs/PY.png","Paraguay Culture Dataset"
"172","Please upload copyright free or personal images of Solomon Islands that are helpful to accurately represent Solomon Islands, for example, the images of people, food, drink, clothing, architecture, streets, nature, traditions, festivals, and more.","[""__DocumentReference__keywords/3""]","1","30","test_172","IN_PROGRESS","https://storage.googleapis.com/worldccub-app.firebasestorage.app/jobs/SB.png","Solomon Islands Culture Dataset"
"173","Please upload copyright free or personal images of Russia that are helpful to accurately represent Russia, for example, the images of people, food, drink, clothing, architecture, streets, nature, traditions, festivals, and more.","[""__DocumentReference__keywords/3""]","1","30","test_173","IN_PROGRESS","https://storage.googleapis.com/worldccub-app.firebasestorage.app/jobs/RU.png","Russia Culture Dataset"
"174","Please upload copyright free or personal images of Guatemala that are helpful to accurately represent Guatemala, for example, the images of people, food, drink, clothing, architecture, streets, nature, traditions, festivals, and more.","[""__DocumentReference__keywords/3""]","1","30","test_174","IN_PROGRESS","https://storage.googleapis.com/worldccub-app.firebasestorage.app/jobs/GT.png","Guatemala Culture Dataset"
"175","Please upload copyright free or personal images of Kuwait that are helpful to accurately represent Kuwait, for example, the images of people, food, drink, clothing, architecture, streets, nature, traditions, festivals, and more.","[""__DocumentReference__keywords/3""]","1","30","test_175","IN_PROGRESS","https://storage.googleapis.com/worldccub-app.firebasestorage.app/jobs/KW.png","Kuwait Culture Dataset"
"176","Please upload copyright free or personal images of British that are helpful to accurately represent British, for example, the images of people, food, drink, clothing, architecture, streets, nature, traditions, festivals, and more.","[""__DocumentReference__keywords/3""]","1","30","test_176","IN_PROGRESS","https://storage.googleapis.com/worldccub-app.firebasestorage.app/jobs/GB.png","British Culture Dataset"
"177","Please upload copyright free or personal images of Singapore that are helpful to accurately represent Singapore, for example, the images of people, food, drink, clothing, architecture, streets, nature, traditions, festivals, and more.","[""__DocumentReference__keywords/3""]","1","30","test_177","IN_PROGRESS","https://storage.googleapis.com/worldccub-app.firebasestorage.app/jobs/SG.png","Singapore Culture Dataset"
"178","Please upload copyright free or personal images of Pakistan that are helpful to accurately represent Pakistan, for example, the images of people, food, drink, clothing, architecture, streets, nature, traditions, festivals, and more.","[""__DocumentReference__keywords/3""]","1","30","test_178","IN_PROGRESS","https://storage.googleapis.com/worldccub-app.firebasestorage.app/jobs/PK.png","Pakistan Culture Dataset"
"179","Please upload copyright free or personal images of Suriname that are helpful to accurately represent Suriname, for example, the images of people, food, drink, clothing, architecture, streets, nature, traditions, festivals, and more.","[""__DocumentReference__keywords/3""]","1","30","test_179","IN_PROGRESS","https://storage.googleapis.com/worldccub-app.firebasestorage.app/jobs/SR.png","Suriname Culture Dataset"
"18","Please upload copyright free or personal images of Iraq that are helpful to accurately represent Iraq, for example, the images of people, food, drink, clothing, architecture, streets, nature, traditions, festivals, and more.","[""__DocumentReference__keywords/3""]","1","30","test_18","IN_PROGRESS","https://storage.googleapis.com/worldccub-app.firebasestorage.app/jobs/IQ.png","Iraq Culture Dataset"
"180","Please upload copyright free or personal images of Sweden that are helpful to accurately represent Sweden, for example, the images of people, food, drink, clothing, architecture, streets, nature, traditions, festivals, and more.","[""__DocumentReference__keywords/3""]","1","30","test_180","IN_PROGRESS","https://storage.googleapis.com/worldccub-app.firebasestorage.app/jobs/SE.png","Sweden Culture Dataset"
"181","Please upload copyright free or personal images of Guinea-Bissau that are helpful to accurately represent Guinea-Bissau, for example, the images of people, food, drink, clothing, architecture, streets, nature, traditions, festivals, and more.","[""__DocumentReference__keywords/3""]","1","30","test_181","IN_PROGRESS","https://storage.googleapis.com/worldccub-app.firebasestorage.app/jobs/GW.png","Guinea-Bissau Culture Dataset"
"182","Please upload copyright free or personal images of Honduras that are helpful to accurately represent Honduras, for example, the images of people, food, drink, clothing, architecture, streets, nature, traditions, festivals, and more.","[""__DocumentReference__keywords/3""]","1","30","test_182","IN_PROGRESS","https://storage.googleapis.com/worldccub-app.firebasestorage.app/jobs/HN.png","Honduras Culture Dataset"
"183","Please upload copyright free or personal images of Gabon that are helpful to accurately represent Gabon, for example, the images of people, food, drink, clothing, architecture, streets, nature, traditions, festivals, and more.","[""__DocumentReference__keywords/3""]","1","30","test_183","IN_PROGRESS","https://storage.googleapis.com/worldccub-app.firebasestorage.app/jobs/GA.png","Gabon Culture Dataset"
"184","Please upload copyright free or personal images of Algeria that are helpful to accurately represent Algeria, for example, the images of people, food, drink, clothing, architecture, streets, nature, traditions, festivals, and more.","[""__DocumentReference__keywords/3""]","1","30","test_184","IN_PROGRESS","https://storage.googleapis.com/worldccub-app.firebasestorage.app/jobs/DZ.png","Algeria Culture Dataset"
"185","Please upload copyright free or personal images of Dominica that are helpful to accurately represent Dominica, for example, the images of people, food, drink, clothing, architecture, streets, nature, traditions, festivals, and more.","[""__DocumentReference__keywords/3""]","1","30","test_185","IN_PROGRESS","https://storage.googleapis.com/worldccub-app.firebasestorage.app/jobs/DM.png","Dominica Culture Dataset"
"186","Please upload copyright free or personal images of France that are helpful to accurately represent France, for example, the images of people, food, drink, clothing, architecture, streets, nature, traditions, festivals, and more.","[""__DocumentReference__keywords/3""]","1","30","test_186","IN_PROGRESS","https://storage.googleapis.com/worldccub-app.firebasestorage.app/jobs/FR.png","France Culture Dataset"
"187","Please upload copyright free or personal images of Sudan that are helpful to accurately represent Sudan, for example, the images of people, food, drink, clothing, architecture, streets, nature, traditions, festivals, and more.","[""__DocumentReference__keywords/3""]","1","30","test_187","IN_PROGRESS","https://storage.googleapis.com/worldccub-app.firebasestorage.app/jobs/SD.png","Sudan Culture Dataset"
"188","Please upload copyright free or personal images of South Sudan that are helpful to accurately represent South Sudan, for example, the images of people, food, drink, clothing, architecture, streets, nature, traditions, festivals, and more.","[""__DocumentReference__keywords/3""]","1","30","test_188","IN_PROGRESS","https://storage.googleapis.com/worldccub-app.firebasestorage.app/jobs/SS.png","South Sudan Culture Dataset"
"189","Please upload copyright free or personal images of Philippines that are helpful to accurately represent Philippines, for example, the images of people, food, drink, clothing, architecture, streets, nature, traditions, festivals, and more.","[""__DocumentReference__keywords/3""]","1","30","test_189","IN_PROGRESS","https://storage.googleapis.com/worldccub-app.firebasestorage.app/jobs/PH.png","Philippines Culture Dataset"
"19","Please upload copyright free or personal images of Hungary that are helpful to accurately represent Hungary, for example, the images of people, food, drink, clothing, architecture, streets, nature, traditions, festivals, and more.","[""__DocumentReference__keywords/3""]","1","30","test_19","IN_PROGRESS","https://storage.googleapis.com/worldccub-app.firebasestorage.app/jobs/HU.png","Hungary Culture Dataset"
"190","Please upload copyright free or personal images of Rwanda that are helpful to accurately represent Rwanda, for example, the images of people, food, drink, clothing, architecture, streets, nature, traditions, festivals, and more.","[""__DocumentReference__keywords/3""]","1","30","test_190","IN_PROGRESS","https://storage.googleapis.com/worldccub-app.firebasestorage.app/jobs/RW.png","Rwanda Culture Dataset"
"191","Hi everyone! üò∫ I‚Äôm gathering funny cat images for an unbiased AI dataset. ","[]","1","30","test_191","IN_PROGRESS","https://firebasestorage.googleapis.com/v0/b/worldccub-app.firebasestorage.app/o/jobs%2FCAT.jpg?alt=media&token=8c86d9fc-ca87-4666-9d24-05fdf9394f1e","Funny Cat"
"192","Please upload copyright free or personal images of Kenya that are helpful to accurately represent Kenya, for example, the images of people, food, drink, clothing, architecture, streets, nature, traditions, festivals, and more.","[]","1","30","test_192","IN_PROGRESS","https://firebasestorage.googleapis.com/v0/b/worldccub-app.firebasestorage.app/o/jobs%2FKE.png?alt=media&token=2f216d78-f0d3-4d0f-9689-b5b18f26730f","Kenya Culture Dataset"
"2","Please upload copyright free or personal images of China that are helpful to accurately represent China, for example, the images of people, food, drink, clothing, architecture, streets, nature, traditions, festivals, and more.","[""__DocumentReference__keywords/3""]","1","30","test_2","IN_PROGRESS","https://storage.googleapis.com/worldccub-app.firebasestorage.app/jobs/CN.png","China Culture Dataset"
"20","Please upload copyright free or personal images of Saint Kitts and Nevis that are helpful to accurately represent Saint Kitts and Nevis, for example, the images of people, food, drink, clothing, architecture, streets, nature, traditions, festivals, and more.","[""__DocumentReference__keywords/3""]","1","30","test_20","IN_PROGRESS","https://storage.googleapis.com/worldccub-app.firebasestorage.app/jobs/KN.png","Saint Kitts and Nevis Culture Dataset"
"21","Please upload copyright free or personal images of Finland that are helpful to accurately represent Finland, for example, the images of people, food, drink, clothing, architecture, streets, nature, traditions, festivals, and more.","[""__DocumentReference__keywords/3""]","1","30","test_21","IN_PROGRESS","https://storage.googleapis.com/worldccub-app.firebasestorage.app/jobs/FI.png","Finland Culture Dataset"
"22","Please upload copyright free or personal images of Eritrea that are helpful to accurately represent Eritrea, for example, the images of people, food, drink, clothing, architecture, streets, nature, traditions, festivals, and more.","[""__DocumentReference__keywords/3""]","1","30","test_22","IN_PROGRESS","https://storage.googleapis.com/worldccub-app.firebasestorage.app/jobs/ER.png","Eritrea Culture Dataset"
"23","Please upload copyright free or personal images of Gambia that are helpful to accurately represent Gambia, for example, the images of people, food, drink, clothing, architecture, streets, nature, traditions, festivals, and more.","[""__DocumentReference__keywords/3""]","1","30","test_23","IN_PROGRESS","https://storage.googleapis.com/worldccub-app.firebasestorage.app/jobs/GM.png","Gambia Culture Dataset"
"24","Please upload copyright free or personal images of Estonia that are helpful to accurately represent Estonia, for example, the images of people, food, drink, clothing, architecture, streets, nature, traditions, festivals, and more.","[""__DocumentReference__keywords/3""]","1","30","test_24","IN_PROGRESS","https://storage.googleapis.com/worldccub-app.firebasestorage.app/jobs/EE.png","Estonia Culture Dataset"
"25","Please upload copyright free or personal images of Palestine that are helpful to accurately represent Palestine, for example, the images of people, food, drink, clothing, architecture, streets, nature, traditions, festivals, and more.","[""__DocumentReference__keywords/3""]","1","30","test_25","IN_PROGRESS","https://storage.googleapis.com/worldccub-app.firebasestorage.app/jobs/PS.png","Palestine Culture Dataset"
"26","Please upload copyright free or personal images of Egypt that are helpful to accurately represent Egypt, for example, the images of people, food, drink, clothing, architecture, streets, nature, traditions, festivals, and more.","[""__DocumentReference__keywords/3""]","1","30","test_26","IN_PROGRESS","https://storage.googleapis.com/worldccub-app.firebasestorage.app/jobs/EG.png","Egypt Culture Dataset"
"27","Please upload copyright free or personal images of Iceland that are helpful to accurately represent Iceland, for example, the images of people, food, drink, clothing, architecture, streets, nature, traditions, festivals, and more.","[""__DocumentReference__keywords/3""]","1","30","test_27","IN_PROGRESS","https://storage.googleapis.com/worldccub-app.firebasestorage.app/jobs/IS.png","Iceland Culture Dataset"
"28","Please upload copyright free or personal images of Comoros that are helpful to accurately represent Comoros, for example, the images of people, food, drink, clothing, architecture, streets, nature, traditions, festivals, and more.","[""__DocumentReference__keywords/3""]","1","30","test_28","IN_PROGRESS","https://storage.googleapis.com/worldccub-app.firebasestorage.app/jobs/KM.png","Comoros Culture Dataset"
"29","Please upload copyright free or personal images of Iran that are helpful to accurately represent Iran, for example, the images of people, food, drink, clothing, architecture, streets, nature, traditions, festivals, and more.","[""__DocumentReference__keywords/3""]","1","30","test_29","IN_PROGRESS","https://storage.googleapis.com/worldccub-app.firebasestorage.app/jobs/IR.png","Iran Culture Dataset"
"3","Please upload copyright free or personal images of Nigerian that are helpful to accurately represent Nigerian, for example, the images of people, food, drink, clothing, architecture, streets, nature, traditions, festivals, and more.","[""__DocumentReference__keywords/3""]","1","30","test_3","IN_PROGRESS","https://storage.googleapis.com/worldccub-app.firebasestorage.app/jobs/NG.png","Nigerian Culture Dataset"
"30","Please upload copyright free or personal images of Kazakhstan that are helpful to accurately represent Kazakhstan, for example, the images of people, food, drink, clothing, architecture, streets, nature, traditions, festivals, and more.","[""__DocumentReference__keywords/3""]","1","30","test_30","IN_PROGRESS","https://storage.googleapis.com/worldccub-app.firebasestorage.app/jobs/KZ.png","Kazakhstan Culture Dataset"
"31","Please upload copyright free or personal images of Ireland that are helpful to accurately represent Ireland, for example, the images of people, food, drink, clothing, architecture, streets, nature, traditions, festivals, and more.","[""__DocumentReference__keywords/3""]","1","30","test_31","IN_PROGRESS","https://storage.googleapis.com/worldccub-app.firebasestorage.app/jobs/IE.png","Ireland Culture Dataset"
"32","Please upload copyright free or personal images of Guinea that are helpful to accurately represent Guinea, for example, the images of people, food, drink, clothing, architecture, streets, nature, traditions, festivals, and more.","[""__DocumentReference__keywords/3""]","1","30","test_32","IN_PROGRESS","https://storage.googleapis.com/worldccub-app.firebasestorage.app/jobs/GN.png","Guinea Culture Dataset"
"33","Please upload copyright free or personal images of Fiji that are helpful to accurately represent Fiji, for example, the images of people, food, drink, clothing, architecture, streets, nature, traditions, festivals, and more.","[""__DocumentReference__keywords/3""]","1","30","test_33","IN_PROGRESS","https://storage.googleapis.com/worldccub-app.firebasestorage.app/jobs/FJ.png","Fiji Culture Dataset"
"34","Please upload copyright free or personal images of Guyana that are helpful to accurately represent Guyana, for example, the images of people, food, drink, clothing, architecture, streets, nature, traditions, festivals, and more.","[""__DocumentReference__keywords/3""]","1","30","test_34","IN_PROGRESS","https://storage.googleapis.com/worldccub-app.firebasestorage.app/jobs/GY.png","Guyana Culture Dataset"
"35","Please upload copyright free or personal images of Slovakia that are helpful to accurately represent Slovakia, for example, the images of people, food, drink, clothing, architecture, streets, nature, traditions, festivals, and more.","[""__DocumentReference__keywords/3""]","1","30","test_35","IN_PROGRESS","https://storage.googleapis.com/worldccub-app.firebasestorage.app/jobs/SK.png","Slovakia Culture Dataset"
"36","Please upload copyright free or personal images of Romania that are helpful to accurately represent Romania, for example, the images of people, food, drink, clothing, architecture, streets, nature, traditions, festivals, and more.","[""__DocumentReference__keywords/3""]","1","30","test_36","IN_PROGRESS","https://storage.googleapis.com/worldccub-app.firebasestorage.app/jobs/RO.png","Romania Culture Dataset"
"37","Please upload copyright free or personal images of Papua New Guinea that are helpful to accurately represent Papua New Guinea, for example, the images of people, food, drink, clothing, architecture, streets, nature, traditions, festivals, and more.","[""__DocumentReference__keywords/3""]","1","30","test_37","IN_PROGRESS","https://storage.googleapis.com/worldccub-app.firebasestorage.app/jobs/PG.png","Papua New Guinea Culture Dataset"
"38","Please upload copyright free or personal images of Somalia that are helpful to accurately represent Somalia, for example, the images of people, food, drink, clothing, architecture, streets, nature, traditions, festivals, and more.","[""__DocumentReference__keywords/3""]","1","30","test_38","IN_PROGRESS","https://storage.googleapis.com/worldccub-app.firebasestorage.app/jobs/SO.png","Somalia Culture Dataset"
"39","Please upload copyright free or personal images of Portugal that are helpful to accurately represent Portugal, for example, the images of people, food, drink, clothing, architecture, streets, nature, traditions, festivals, and more.","[""__DocumentReference__keywords/3""]","1","30","test_39","IN_PROGRESS","https://storage.googleapis.com/worldccub-app.firebasestorage.app/jobs/PT.png","Portugal Culture Dataset"
"4","Please upload copyright free or personal images of Vietnam that are helpful to accurately represent Vietnam, for example, the images of people, food, drink, clothing, architecture, streets, nature, traditions, festivals, and more.","[""__DocumentReference__keywords/3""]","1","30","test_4","IN_PROGRESS","https://storage.googleapis.com/worldccub-app.firebasestorage.app/jobs/VN.png","Vietnam Culture Dataset"
"40","Please upload copyright free or personal images of Jamaica that are helpful to accurately represent Jamaica, for example, the images of people, food, drink, clothing, architecture, streets, nature, traditions, festivals, and more.","[""__DocumentReference__keywords/3""]","1","30","test_40","IN_PROGRESS","https://storage.googleapis.com/worldccub-app.firebasestorage.app/jobs/JM.png","Jamaica Culture Dataset"
"41","Please upload copyright free or personal images of Kiribati that are helpful to accurately represent Kiribati, for example, the images of people, food, drink, clothing, architecture, streets, nature, traditions, festivals, and more.","[""__DocumentReference__keywords/3""]","1","30","test_41","IN_PROGRESS","https://storage.googleapis.com/worldccub-app.firebasestorage.app/jobs/KI.png","Kiribati Culture Dataset"
"42","Please upload copyright free or personal images of Croatia that are helpful to accurately represent Croatia, for example, the images of people, food, drink, clothing, architecture, streets, nature, traditions, festivals, and more.","[""__DocumentReference__keywords/3""]","1","30","test_42","IN_PROGRESS","https://storage.googleapis.com/worldccub-app.firebasestorage.app/jobs/HR.png","Croatia Culture Dataset"
"43","Please upload copyright free or personal images of Ecuador that are helpful to accurately represent Ecuador, for example, the images of people, food, drink, clothing, architecture, streets, nature, traditions, festivals, and more.","[""__DocumentReference__keywords/3""]","1","30","test_43","IN_PROGRESS","https://storage.googleapis.com/worldccub-app.firebasestorage.app/jobs/EC.png","Ecuador Culture Dataset"
"44","Please upload copyright free or personal images of Ethiopia that are helpful to accurately represent Ethiopia, for example, the images of people, food, drink, clothing, architecture, streets, nature, traditions, festivals, and more.","[""__DocumentReference__keywords/3""]","1","30","test_44","IN_PROGRESS","https://storage.googleapis.com/worldccub-app.firebasestorage.app/jobs/ET.png","Ethiopia Culture Dataset"
"45","Please upload copyright free or personal images of Syria that are helpful to accurately represent Syria, for example, the images of people, food, drink, clothing, architecture, streets, nature, traditions, festivals, and more.","[""__DocumentReference__keywords/3""]","1","30","test_45","IN_PROGRESS","https://storage.googleapis.com/worldccub-app.firebasestorage.app/jobs/SY.png","Syria Culture Dataset"
"46","Please upload copyright free or personal images of Senegal that are helpful to accurately represent Senegal, for example, the images of people, food, drink, clothing, architecture, streets, nature, traditions, festivals, and more.","[""__DocumentReference__keywords/3""]","1","30","test_46","IN_PROGRESS","https://storage.googleapis.com/worldccub-app.firebasestorage.app/jobs/SN.png","Senegal Culture Dataset"
"47","Please upload copyright free or personal images of Sierra Leone that are helpful to accurately represent Sierra Leone, for example, the images of people, food, drink, clothing, architecture, streets, nature, traditions, festivals, and more.","[""__DocumentReference__keywords/3""]","1","30","test_47","IN_PROGRESS","https://storage.googleapis.com/worldccub-app.firebasestorage.app/jobs/SL.png","Sierra Leone Culture Dataset"
"48","Please upload copyright free or personal images of Palau that are helpful to accurately represent Palau, for example, the images of people, food, drink, clothing, architecture, streets, nature, traditions, festivals, and more.","[""__DocumentReference__keywords/3""]","1","30","test_48","IN_PROGRESS","https://storage.googleapis.com/worldccub-app.firebasestorage.app/jobs/PW.png","Palau Culture Dataset"
"49","Please upload copyright free or personal images of Micronesia that are helpful to accurately represent Micronesia, for example, the images of people, food, drink, clothing, architecture, streets, nature, traditions, festivals, and more.","[""__DocumentReference__keywords/3""]","1","30","test_49","IN_PROGRESS","https://storage.googleapis.com/worldccub-app.firebasestorage.app/jobs/FM.png","Micronesia Culture Dataset"
"5","Please upload copyright free or personal images of Indonesia that are helpful to accurately represent Indonesia, for example, the images of people, food, drink, clothing, architecture, streets, nature, traditions, festivals, and more.","[""__DocumentReference__keywords/3""]","1","30","test_5","IN_PROGRESS","https://storage.googleapis.com/worldccub-app.firebasestorage.app/jobs/ID.png","Indonesia Culture Dataset"
"50","Please upload copyright free or personal images of Germany that are helpful to accurately represent Germany, for example, the images of people, food, drink, clothing, architecture, streets, nature, traditions, festivals, and more.","[""__DocumentReference__keywords/3""]","1","30","test_50","IN_PROGRESS","https://storage.googleapis.com/worldccub-app.firebasestorage.app/jobs/DE.png","Germany Culture Dataset"
"51","Please upload copyright free or personal images of Italy that are helpful to accurately represent Italy, for example, the images of people, food, drink, clothing, architecture, streets, nature, traditions, festivals, and more.","[""__DocumentReference__keywords/3""]","1","30","test_51","IN_PROGRESS","https://storage.googleapis.com/worldccub-app.firebasestorage.app/jobs/IT.png","Italy Culture Dataset"
"52","Please upload copyright free or personal images of Jordan that are helpful to accurately represent Jordan, for example, the images of people, food, drink, clothing, architecture, streets, nature, traditions, festivals, and more.","[""__DocumentReference__keywords/3""]","1","30","test_52","IN_PROGRESS","https://storage.googleapis.com/worldccub-app.firebasestorage.app/jobs/JO.png","Jordan Culture Dataset"
"53","Please upload copyright free or personal images of Swaziland that are helpful to accurately represent Swaziland, for example, the images of people, food, drink, clothing, architecture, streets, nature, traditions, festivals, and more.","[""__DocumentReference__keywords/3""]","1","30","test_53","IN_PROGRESS","https://storage.googleapis.com/worldccub-app.firebasestorage.app/jobs/SZ.png","Swaziland Culture Dataset"
"54","Please upload copyright free or personal images of Panama that are helpful to accurately represent Panama, for example, the images of people, food, drink, clothing, architecture, streets, nature, traditions, festivals, and more.","[""__DocumentReference__keywords/3""]","1","30","test_54","IN_PROGRESS","https://storage.googleapis.com/worldccub-app.firebasestorage.app/jobs/PA.png","Panama Culture Dataset"
"55","Please upload copyright free or personal images of San Marino that are helpful to accurately represent San Marino, for example, the images of people, food, drink, clothing, architecture, streets, nature, traditions, festivals, and more.","[""__DocumentReference__keywords/3""]","1","30","test_55","IN_PROGRESS","https://storage.googleapis.com/worldccub-app.firebasestorage.app/jobs/SM.png","San Marino Culture Dataset"
"56","Please upload copyright free or personal images of Tunisia that are helpful to accurately represent Tunisia, for example, the images of people, food, drink, clothing, architecture, streets, nature, traditions, festivals, and more.","[""__DocumentReference__keywords/3""]","1","30","test_56","IN_PROGRESS","https://storage.googleapis.com/worldccub-app.firebasestorage.app/jobs/TN.png","Tunisia Culture Dataset"
"57","Please upload copyright free or personal images of Congo that are helpful to accurately represent Congo, for example, the images of people, food, drink, clothing, architecture, streets, nature, traditions, festivals, and more.","[""__DocumentReference__keywords/3""]","1","30","test_57","IN_PROGRESS","https://storage.googleapis.com/worldccub-app.firebasestorage.app/jobs/CG.png","Congo Culture Dataset"
"58","Please upload copyright free or personal images of Bhutan that are helpful to accurately represent Bhutan, for example, the images of people, food, drink, clothing, architecture, streets, nature, traditions, festivals, and more.","[""__DocumentReference__keywords/3""]","1","30","test_58","IN_PROGRESS","https://storage.googleapis.com/worldccub-app.firebasestorage.app/jobs/BT.png","Bhutan Culture Dataset"
"59","Please upload copyright free or personal images of Angola that are helpful to accurately represent Angola, for example, the images of people, food, drink, clothing, architecture, streets, nature, traditions, festivals, and more.","[""__DocumentReference__keywords/3""]","1","30","test_59","IN_PROGRESS","https://storage.googleapis.com/worldccub-app.firebasestorage.app/jobs/AO.png","Angola Culture Dataset"
"6","Please upload copyright free or personal images of Thailand that are helpful to accurately represent Thailand, for example, the images of people, food, drink, clothing, architecture, streets, nature, traditions, festivals, and more.","[""__DocumentReference__keywords/3""]","1","30","test_6","IN_PROGRESS","https://storage.googleapis.com/worldccub-app.firebasestorage.app/jobs/TH.png","Thailand Culture Dataset"
"60","Please upload copyright free or personal images of Mali that are helpful to accurately represent Mali, for example, the images of people, food, drink, clothing, architecture, streets, nature, traditions, festivals, and more.","[""__DocumentReference__keywords/3""]","1","30","test_60","IN_PROGRESS","https://storage.googleapis.com/worldccub-app.firebasestorage.app/jobs/ML.png","Mali Culture Dataset"
"61","Please upload copyright free or personal images of Liechtenstein that are helpful to accurately represent Liechtenstein, for example, the images of people, food, drink, clothing, architecture, streets, nature, traditions, festivals, and more.","[""__DocumentReference__keywords/3""]","1","30","test_61","IN_PROGRESS","https://storage.googleapis.com/worldccub-app.firebasestorage.app/jobs/LI.png","Liechtenstein Culture Dataset"
"62","Please upload copyright free or personal images of Myanmar that are helpful to accurately represent Myanmar, for example, the images of people, food, drink, clothing, architecture, streets, nature, traditions, festivals, and more.","[""__DocumentReference__keywords/3""]","1","30","test_62","IN_PROGRESS","https://storage.googleapis.com/worldccub-app.firebasestorage.app/jobs/MM.png","Myanmar Culture Dataset"
"63","Please upload copyright free or personal images of Mozambique that are helpful to accurately represent Mozambique, for example, the images of people, food, drink, clothing, architecture, streets, nature, traditions, festivals, and more.","[""__DocumentReference__keywords/3""]","1","30","test_63","IN_PROGRESS","https://storage.googleapis.com/worldccub-app.firebasestorage.app/jobs/MZ.png","Mozambique Culture Dataset"
"64","Please upload copyright free or personal images of Namibia that are helpful to accurately represent Namibia, for example, the images of people, food, drink, clothing, architecture, streets, nature, traditions, festivals, and more.","[""__DocumentReference__keywords/3""]","1","30","test_64","IN_PROGRESS","https://storage.googleapis.com/worldccub-app.firebasestorage.app/jobs/NA.png","Namibia Culture Dataset"
"65","Please upload copyright free or personal images of Central African Republic that are helpful to accurately represent Central African Republic, for example, the images of people, food, drink, clothing, architecture, streets, nature, traditions, festivals, and more.","[""__DocumentReference__keywords/3""]","1","30","test_65","IN_PROGRESS","https://storage.googleapis.com/worldccub-app.firebasestorage.app/jobs/CF.png","Central African Republic Culture Dataset"
"66","Please upload copyright free or personal images of Barbados that are helpful to accurately represent Barbados, for example, the images of people, food, drink, clothing, architecture, streets, nature, traditions, festivals, and more.","[""__DocumentReference__keywords/3""]","1","30","test_66","IN_PROGRESS","https://storage.googleapis.com/worldccub-app.firebasestorage.app/jobs/BB.png","Barbados Culture Dataset"
"67","Please upload copyright free or personal images of Tonga that are helpful to accurately represent Tonga, for example, the images of people, food, drink, clothing, architecture, streets, nature, traditions, festivals, and more.","[""__DocumentReference__keywords/3""]","1","30","test_67","IN_PROGRESS","https://storage.googleapis.com/worldccub-app.firebasestorage.app/jobs/TO.png","Tonga Culture Dataset"
"68","Please upload copyright free or personal images of Tanzania that are helpful to accurately represent Tanzania, for example, the images of people, food, drink, clothing, architecture, streets, nature, traditions, festivals, and more.","[""__DocumentReference__keywords/3""]","1","30","test_68","IN_PROGRESS","https://storage.googleapis.com/worldccub-app.firebasestorage.app/jobs/TZ.png","Tanzania Culture Dataset"
"69","Please upload copyright free or personal images of Venezuela that are helpful to accurately represent Venezuela, for example, the images of people, food, drink, clothing, architecture, streets, nature, traditions, festivals, and more.","[""__DocumentReference__keywords/3""]","1","30","test_69","IN_PROGRESS","https://storage.googleapis.com/worldccub-app.firebasestorage.app/jobs/VE.png","Venezuela Culture Dataset"
"7","Please upload copyright free or personal images of Mexico that are helpful to accurately represent Mexico, for example, the images of people, food, drink, clothing, architecture, streets, nature, traditions, festivals, and more.","[""__DocumentReference__keywords/3""]","1","30","test_7","IN_PROGRESS","https://storage.googleapis.com/worldccub-app.firebasestorage.app/jobs/MX.png","Mexico Culture Dataset"
"70","Please upload copyright free or personal images of Turkmenistan that are helpful to accurately represent Turkmenistan, for example, the images of people, food, drink, clothing, architecture, streets, nature, traditions, festivals, and more.","[""__DocumentReference__keywords/3""]","1","30","test_70","IN_PROGRESS","https://storage.googleapis.com/worldccub-app.firebasestorage.app/jobs/TM.png","Turkmenistan Culture Dataset"
"71","Please upload copyright free or personal images of Democratic Republic of Congo that are helpful to accurately represent Democratic Republic of Congo, for example, the images of people, food, drink, clothing, architecture, streets, nature, traditions, festivals, and more.","[""__DocumentReference__keywords/3""]","1","30","test_71","IN_PROGRESS","https://storage.googleapis.com/worldccub-app.firebasestorage.app/jobs/CD.png","Democratic Republic of Congo Culture Dataset"
"72","Please upload copyright free or personal images of Botswana that are helpful to accurately represent Botswana, for example, the images of people, food, drink, clothing, architecture, streets, nature, traditions, festivals, and more.","[""__DocumentReference__keywords/3""]","1","30","test_72","IN_PROGRESS","https://storage.googleapis.com/worldccub-app.firebasestorage.app/jobs/BW.png","Botswana Culture Dataset"
"73","Please upload copyright free or personal images of Albania that are helpful to accurately represent Albania, for example, the images of people, food, drink, clothing, architecture, streets, nature, traditions, festivals, and more.","[""__DocumentReference__keywords/3""]","1","30","test_73","IN_PROGRESS","https://storage.googleapis.com/worldccub-app.firebasestorage.app/jobs/AL.png","Albania Culture Dataset"
"74","Please upload copyright free or personal images of Sri Lanka that are helpful to accurately represent Sri Lanka, for example, the images of people, food, drink, clothing, architecture, streets, nature, traditions, festivals, and more.","[""__DocumentReference__keywords/3""]","1","30","test_74","IN_PROGRESS","https://storage.googleapis.com/worldccub-app.firebasestorage.app/jobs/LK.png","Sri Lanka Culture Dataset"
"75","Please upload copyright free or personal images of Mongolia that are helpful to accurately represent Mongolia, for example, the images of people, food, drink, clothing, architecture, streets, nature, traditions, festivals, and more.","[""__DocumentReference__keywords/3""]","1","30","test_75","IN_PROGRESS","https://storage.googleapis.com/worldccub-app.firebasestorage.app/jobs/MN.png","Mongolia Culture Dataset"
"76","Please upload copyright free or personal images of Malaysia that are helpful to accurately represent Malaysia, for example, the images of people, food, drink, clothing, architecture, streets, nature, traditions, festivals, and more.","[""__DocumentReference__keywords/3""]","1","30","test_76","IN_PROGRESS","https://storage.googleapis.com/worldccub-app.firebasestorage.app/jobs/MY.png","Malaysia Culture Dataset"
"77","Please upload copyright free or personal images of Armenia that are helpful to accurately represent Armenia, for example, the images of people, food, drink, clothing, architecture, streets, nature, traditions, festivals, and more.","[""__DocumentReference__keywords/3""]","1","30","test_77","IN_PROGRESS","https://storage.googleapis.com/worldccub-app.firebasestorage.app/jobs/AM.png","Armenia Culture Dataset"
"78","Please upload copyright free or personal images of Costa Rica that are helpful to accurately represent Costa Rica, for example, the images of people, food, drink, clothing, architecture, streets, nature, traditions, festivals, and more.","[""__DocumentReference__keywords/3""]","1","30","test_78","IN_PROGRESS","https://storage.googleapis.com/worldccub-app.firebasestorage.app/jobs/CR.png","Costa Rica Culture Dataset"
"79","Please upload copyright free or personal images of Bosnia-Herzegovina that are helpful to accurately represent Bosnia-Herzegovina, for example, the images of people, food, drink, clothing, architecture, streets, nature, traditions, festivals, and more.","[""__DocumentReference__keywords/3""]","1","30","test_79","IN_PROGRESS","https://storage.googleapis.com/worldccub-app.firebasestorage.app/jobs/BA.png","Bosnia-Herzegovina Culture Dataset"
"8","Please upload copyright free or personal images of Brazil that are helpful to accurately represent Brazil, for example, the images of people, food, drink, clothing, architecture, streets, nature, traditions, festivals, and more.","[""__DocumentReference__keywords/3""]","1","30","test_8","IN_PROGRESS","https://storage.googleapis.com/worldccub-app.firebasestorage.app/jobs/BR.png","Brazil Culture Dataset"
"80","Please upload copyright free or personal images of Azerbaijan that are helpful to accurately represent Azerbaijan, for example, the images of people, food, drink, clothing, architecture, streets, nature, traditions, festivals, and more.","[""__DocumentReference__keywords/3""]","1","30","test_80","IN_PROGRESS","https://storage.googleapis.com/worldccub-app.firebasestorage.app/jobs/AZ.png","Azerbaijan Culture Dataset"
"81","Please upload copyright free or personal images of Timor-Leste that are helpful to accurately represent Timor-Leste, for example, the images of people, food, drink, clothing, architecture, streets, nature, traditions, festivals, and more.","[""__DocumentReference__keywords/3""]","1","30","test_81","IN_PROGRESS","https://storage.googleapis.com/worldccub-app.firebasestorage.app/jobs/TL.png","Timor-Leste Culture Dataset"
"82","Please upload copyright free or personal images of Kosovo that are helpful to accurately represent Kosovo, for example, the images of people, food, drink, clothing, architecture, streets, nature, traditions, festivals, and more.","[""__DocumentReference__keywords/3""]","1","30","test_82","IN_PROGRESS","https://storage.googleapis.com/worldccub-app.firebasestorage.app/jobs/XK.png","Kosovo Culture Dataset"
"83","Please upload copyright free or personal images of Samoa that are helpful to accurately represent Samoa, for example, the images of people, food, drink, clothing, architecture, streets, nature, traditions, festivals, and more.","[""__DocumentReference__keywords/3""]","1","30","test_83","IN_PROGRESS","https://storage.googleapis.com/worldccub-app.firebasestorage.app/jobs/WS.png","Samoa Culture Dataset"
"84","Please upload copyright free or personal images of Cape Verde that are helpful to accurately represent Cape Verde, for example, the images of people, food, drink, clothing, architecture, streets, nature, traditions, festivals, and more.","[""__DocumentReference__keywords/3""]","1","30","test_84","IN_PROGRESS","https://storage.googleapis.com/worldccub-app.firebasestorage.app/jobs/CV.png","Cape Verde Culture Dataset"
"85","Please upload copyright free or personal images of Canada that are helpful to accurately represent Canada, for example, the images of people, food, drink, clothing, architecture, streets, nature, traditions, festivals, and more.","[""__DocumentReference__keywords/3""]","1","30","test_85","IN_PROGRESS","https://storage.googleapis.com/worldccub-app.firebasestorage.app/jobs/CA.png","Canada Culture Dataset"
"86","Please upload copyright free or personal images of Belgium that are helpful to accurately represent Belgium, for example, the images of people, food, drink, clothing, architecture, streets, nature, traditions, festivals, and more.","[""__DocumentReference__keywords/3""]","1","30","test_86","IN_PROGRESS","https://storage.googleapis.com/worldccub-app.firebasestorage.app/jobs/BE.png","Belgium Culture Dataset"
"87","Please upload copyright free or personal images of Libya that are helpful to accurately represent Libya, for example, the images of people, food, drink, clothing, architecture, streets, nature, traditions, festivals, and more.","[""__DocumentReference__keywords/3""]","1","30","test_87","IN_PROGRESS","https://storage.googleapis.com/worldccub-app.firebasestorage.app/jobs/LY.png","Libya Culture Dataset"
"88","Please upload copyright free or personal images of Nepal that are helpful to accurately represent Nepal, for example, the images of people, food, drink, clothing, architecture, streets, nature, traditions, festivals, and more.","[""__DocumentReference__keywords/3""]","1","30","test_88","IN_PROGRESS","https://storage.googleapis.com/worldccub-app.firebasestorage.app/jobs/NP.png","Nepal Culture Dataset"
"89","Please upload copyright free or personal images of North Macedonia that are helpful to accurately represent North Macedonia, for example, the images of people, food, drink, clothing, architecture, streets, nature, traditions, festivals, and more.","[""__DocumentReference__keywords/3""]","1","30","test_89","IN_PROGRESS","https://storage.googleapis.com/worldccub-app.firebasestorage.app/jobs/MK.png","North Macedonia Culture Dataset"
"9","Please upload copyright free or personal images of Ghana that are helpful to accurately represent Ghana, for example, the images of people, food, drink, clothing, architecture, streets, nature, traditions, festivals, and more.","[""__DocumentReference__keywords/3""]","1","30","test_9","IN_PROGRESS","https://storage.googleapis.com/worldccub-app.firebasestorage.app/jobs/GH.png","Ghana Culture Dataset"
"90","Please upload copyright free or personal images of Bangladesh that are helpful to accurately represent Bangladesh, for example, the images of people, food, drink, clothing, architecture, streets, nature, traditions, festivals, and more.","[""__DocumentReference__keywords/3""]","1","30","test_90","IN_PROGRESS","https://storage.googleapis.com/worldccub-app.firebasestorage.app/jobs/BD.png","Bangladesh Culture Dataset"
"91","Please upload copyright free or personal images of Bahamas that are helpful to accurately represent Bahamas, for example, the images of people, food, drink, clothing, architecture, streets, nature, traditions, festivals, and more.","[""__DocumentReference__keywords/3""]","1","30","test_91","IN_PROGRESS","https://storage.googleapis.com/worldccub-app.firebasestorage.app/jobs/BS.png","Bahamas Culture Dataset"
"92","Please upload copyright free or personal images of Uzbekistan that are helpful to accurately represent Uzbekistan, for example, the images of people, food, drink, clothing, architecture, streets, nature, traditions, festivals, and more.","[""__DocumentReference__keywords/3""]","1","30","test_92","IN_PROGRESS","https://storage.googleapis.com/worldccub-app.firebasestorage.app/jobs/UZ.png","Uzbekistan Culture Dataset"
"93","Please upload copyright free or personal images of Vatican that are helpful to accurately represent Vatican, for example, the images of people, food, drink, clothing, architecture, streets, nature, traditions, festivals, and more.","[""__DocumentReference__keywords/3""]","1","30","test_93","IN_PROGRESS","https://storage.googleapis.com/worldccub-app.firebasestorage.app/jobs/VA.png","Vatican Culture Dataset"
"94","Please upload copyright free or personal images of Zimbabwe that are helpful to accurately represent Zimbabwe, for example, the images of people, food, drink, clothing, architecture, streets, nature, traditions, festivals, and more.","[""__DocumentReference__keywords/3""]","1","30","test_94","IN_PROGRESS","https://storage.googleapis.com/worldccub-app.firebasestorage.app/jobs/ZW.png","Zimbabwe Culture Dataset"
"95","Please upload copyright free or personal images of St. Vincent & the Grenadines that are helpful to accurately represent St. Vincent & the Grenadines, for example, the images of people, food, drink, clothing, architecture, streets, nature, traditions, festivals, and more.","[""__DocumentReference__keywords/3""]","1","30","test_95","IN_PROGRESS","https://storage.googleapis.com/worldccub-app.firebasestorage.app/jobs/VC.png","St. Vincent & the Grenadines Culture Dataset"
"96","Please upload copyright free or personal images of Cuba that are helpful to accurately represent Cuba, for example, the images of people, food, drink, clothing, architecture, streets, nature, traditions, festivals, and more.","[""__DocumentReference__keywords/3""]","1","30","test_96","IN_PROGRESS","https://storage.googleapis.com/worldccub-app.firebasestorage.app/jobs/CU.png","Cuba Culture Dataset"
"97","Please upload copyright free or personal images of Burkina Faso that are helpful to accurately represent Burkina Faso, for example, the images of people, food, drink, clothing, architecture, streets, nature, traditions, festivals, and more.","[""__DocumentReference__keywords/3""]","1","30","test_97","IN_PROGRESS","https://storage.googleapis.com/worldccub-app.firebasestorage.app/jobs/BF.png","Burkina Faso Culture Dataset"
"98","Please upload copyright free or personal images of Nauru that are helpful to accurately represent Nauru, for example, the images of people, food, drink, clothing, architecture, streets, nature, traditions, festivals, and more.","[""__DocumentReference__keywords/3""]","1","30","test_98","IN_PROGRESS","https://storage.googleapis.com/worldccub-app.firebasestorage.app/jobs/NR.png","Nauru Culture Dataset"
"99","Please upload copyright free or personal images of Niger that are helpful to accurately represent Niger, for example, the images of people, food, drink, clothing, architecture, streets, nature, traditions, festivals, and more.","[""__DocumentReference__keywords/3""]","1","30","test_99","IN_PROGRESS","https://storage.googleapis.com/worldccub-app.firebasestorage.app/jobs/NE.png","Niger Culture Dataset"